topic,count,percent
storytelling,308297,0.24577541982724602
psychology,144838,0.11546534756075687
occultism,144569,0.11525089984334953
news,128219,0.10221662408271782
career,123025,0.09807594956891226
marketing,115300,0.09191755322329269
finance,87349,0.06963492069819074
other,67577,0.0538726148670464
healthcare,52770,0.04206842396871774
tech,39733,0.03167528310686113
study,36323,0.028956819477273722
law,6385,0.005090143775635072
