topic,count,percent
storytelling,284307,0.2355917989887121
occultism,144569,0.1197975103954497
news,128219,0.10624903669108983
career,123025,0.10194501391308095
psychology,121221,0.10045012421505861
marketing,115300,0.09554367083258064
finance,87349,0.07238199569431991
other,67577,0.05599787201954295
healthcare,52770,0.043728009625631226
tech,39733,0.03292486273365938
study,36323,0.03009915659715374
law,6385,0.005290948293720966
