topic,count,percent
storytelling,28431,0.23557827751354754
occultism,14458,0.11979848532555558
news,12823,0.10625093217108861
career,12302,0.10193394428516978
psychology,12123,0.10045075650862569
marketing,11532,0.09555375105646056
finance,8737,0.07239447823276933
other,6759,0.05600483900369554
healthcare,5277,0.04372503852973833
tech,3971,0.032903567936628936
study,3634,0.030111197653414645
law,639,0.0052947317833054374
